sha256,bytes_each,copies,wasted_bytes,paths
ff885428917e8d3c650db3bd31623f0bb1b54313b7e76d0b89844caa6ef95dee,133100,29,3726800,outputs/tables/m5_source_band_hs_core_lstsq_mid_eta100_N164_profiles.json | outputs/tables/m5_source_band_hs_core_profile_mid_eta100_N164_profiles.json | outputs/tables/m5_source_band_hs_endpoint_smoke_eta100_N164_profiles.json | outputs/tables/m5_source_band_hs_halo32_lstsq_mid_eta100_N164_profiles.json | outputs/tables/m5_source_band_hs_plusbuffer_lstsq_mid_eta100_N164_profiles.json | outputs/tables/m5_source_band_hs_plusbuffer_lstsq_mid_prior0_eta100_N164_profiles.json | outputs/tables/m5_source_band_hs_plusbuffer_lstsq_mid_prior1em6_compat10_eta100_N164_profiles.json | outputs/tables/m5_source_band_hs_plusbuffer_lstsq_mid_prior1em6_eta100_N164_profiles.json | outputs/tables/m5_source_band_hs_plusbuffer_lstsq_mid_prior1em6_ode10_eta100_N164_profiles.json | outputs/tables/m5_source_band_hs_plusbuffer_midpoint_solve_allpoints_eta100_N164_profiles.json | outputs/tables/m5_source_band_hs_plusbuffer_midpoint_solve_compat1_eta100_N164_profiles.json | outputs/tables/m5_source_band_hs_plusbuffer_midpoint_solve_compat2_eta100_N164_profiles.json | outputs/tables/m5_source_band_hs_plusbuffer_midpoint_solve_compat3_eta100_N164_profiles.json | outputs/tables/m5_source_band_hs_plusbuffer_midpoint_solve_compat5_eta100_N164_profiles.json | outputs/tables/m5_source_band_hs_plusbuffer_midpoint_solve_eta100_N164_profiles.json | outputs/tables/m5_source_band_hs_plusbuffer_midpoint_solve_nfev120_eta100_N164_profiles.json | outputs/tables/m5_source_band_hs_plusbuffer_midpoint_solve_trust05_eta100_N164_profiles.json | outputs/tables/m5_source_band_rowreplace_halo32_impl_diag_chi0p0001_blend001_eta100_N164_profiles.json | outputs/tables/m5_source_band_rowreplace_halo32_impl_diag_chi0p0001_blend01_eta100_N164_profiles.json | outputs/tables/m5_source_band_rowreplace_halo32_impl_diag_chi0p0001_blend1_eta100_N164_profiles.json | outputs/tables/m5_source_band_rowreplace_halo32_impl_diag_chi0p0001_eta100_N164_profiles.json | outputs/tables/m5_source_band_rowreplace_halo32_impl_diag_chi0p0001_lstsq_seed_eta100_N164_profiles.json | outputs/tables/m5_source_band_rowreplace_halo32_impl_diag_chi0p0001_ode_seed_eta100_N164_profiles.json | outputs/tables/m5_source_band_rowreplace_halo32_impl_diag_chi0p0003_eta100_N164_profiles.json | outputs/tables/m5_source_band_rowreplace_halo32_impl_diag_chi0p0003_ode_seed_eta100_N164_profiles.json | outputs/tables/m5_source_band_rowreplace_halo32_impl_diag_chi0p001_eta100_N164_profiles.json | outputs/tables/m5_source_band_rowreplace_halo32_impl_diag_chi0p001_ode_seed_eta100_N164_profiles.json | outputs/tables/m5_source_band_rowreplace_halo32_mass_eta100_N164_profiles.json | outputs/tables/m5_source_band_rowreplace_halo8_from_halo32_impl0001_eta100_N164_profiles.json
9b098886366c7ef7d321f98d242741f58875b3f8fe7841f7ad26acdfd921bbff,227359,8,1591513,outputs/tables/m5_eta_lobatto_dae_element_eval_direct_clip5000_k26_98p125_N164_profiles.json | outputs/tables/m5_eta_lobatto_dae_element_eval_direct_clip500_98p125_N164_profiles.json | outputs/tables/m5_eta_lobatto_dae_element_eval_direct_clip500_k26_98p125_N164_profiles.json | outputs/tables/m5_eta_lobatto_dae_element_eval_direct_clip500_k2_98p125_N164_profiles.json | outputs/tables/m5_eta_lobatto_dae_element_eval_direct_clip500_k3_98p125_N164_profiles.json | outputs/tables/m5_eta_lobatto_dae_element_eval_direct_clip500_k8_98p125_N164_profiles.json | outputs/tables/m5_eta_lobatto_dae_element_eval_lobatto_98p125_N164_halo8_profiles.json | outputs/tables/m5_eta_lobatto_dae_element_eval_lobatto_98p125_N164_hsrelease8_profiles.json
02bac78f4acd2486aa2677c987b96f3b1eb28b491e0aee43a9f9431ddb83001f,488688,4,1466064,outputs/tables/m5_local_mdot_eta90_source_element_consistency_audit_N201_profiles.json | outputs/tables/m5_source_interface_energy_audit_eta90_N201_seed_fvmass_profiles.json | outputs/tables/m5_source_interface_massonly_eta90_N201_seed_fvmass_profiles.json | outputs/tables/m5_source_interface_reconcile_eta90_N201_seed_fvmass_profiles.json
6bc0b4aed4c0dc0420eccce2de8ae252d152cadd695b814f98cdbf3ed76402fd,241872,7,1451232,outputs/tables/m5_eta_global_flux_variable_diag_40_120_98p125_N164_profiles.json | outputs/tables/m5_eta_global_fv_homotopy_derivative_audit_98p125_N164_profiles.json | outputs/tables/m5_eta_global_fv_homotopy_guarded_midpoint_stride4_chi001_98p125_N164_profiles.json | outputs/tables/m5_eta_global_fv_mass_predictor_sourceband_eval_98p125_N164_profiles.json | outputs/tables/m5_eta_global_fv_mass_replacement_seed_98p125_N164_profiles.json | outputs/tables/m5_eta_global_fv_mass_sourceband_correct_98p125_N164_profiles.json | outputs/tables/m5_eta_global_fv_mass_sourceband_eval_98p125_N164_profiles.json
ca031cde668b0deea253f16f6e5c06a91bc50a958fbed90d8f964cf63384f1f6,479704,4,1439112,outputs/tables/m5_source_plus_buffer_implicit_pilot12_eta100_N164_profiles.json | outputs/tables/m5_source_plus_buffer_implicit_probe_eta100_N164_profiles.json | outputs/tables/m5_source_plus_buffer_implicit_probe_sparse_eta100_N164_profiles.json | outputs/tables/m5_source_plus_buffer_implicit_relaxed_scout_eta100_N164_profiles.json
a5eccc106b3b251db8dda28803b6ac8d9d45a07f951dc3dfe51972e7c5d1843f,473112,4,1419336,outputs/tables/m5_eta_phase_critical_arc_ds00025_98p125_N164_profiles.json | outputs/tables/m5_eta_phase_critical_arc_ds0005_98p125_N164_profiles.json | outputs/tables/m5_eta_phase_critical_arc_ds001_98p125_N164_profiles.json | outputs/tables/m5_eta_phase_source_shape_audit_98p125_N164_profiles.json
9ffee0e23cb493cb5633594fdb732a351a0b373fa45976d2b8269b75f6608e77,227543,6,1137715,outputs/tables/m5_eta_phase_dae_segment_eval_from_dae_gs1000_98p125_N164_profiles.json | outputs/tables/m5_eta_phase_dae_segment_eval_from_dae_gs1000_seedfix_98p125_N164_profiles.json | outputs/tables/m5_eta_phase_dae_segment_eval_intervalp_from_dae_gs1000_98p125_N164_profiles.json | outputs/tables/m5_eta_phase_dae_segment_state_intervalp_k4_from_dae_gs1000_98p125_N164_profiles.json | outputs/tables/m5_eta_phase_dae_segment_state_intervalp_k8_from_dae_gs1000_98p125_N164_profiles.json | outputs/tables/m5_eta_phase_dae_segment_tangent_intervalp_k4_from_dae_gs1000_98p125_N164_profiles.json
10783388bd4637846e6c295cd43fac25e24bae1f5d11f897b1a850f2315bf315,211314,6,1056570,outputs/tables/m5_source_interface_reconcile_eta100_N164_seed_profiles.json | outputs/tables/m5_source_plus_buffer_eta100_N164_bandonly_prodM_preserve_profiles.json | outputs/tables/m5_source_plus_buffer_eta100_N164_bandonly_state0_profiles.json | outputs/tables/m5_source_plus_buffer_eta100_N164_prodM_debug_profiles.json | outputs/tables/m5_source_plus_buffer_eta100_N164_smoke_profiles.json | outputs/tables/m5_source_plus_buffer_production_eta100_N164_bandonly_smoke1_profiles.json
f0046b24100eed6d60992f4365abe0fe3ff5b6a80c76cb72f052d0c8b944ac90,132944,8,930608,outputs/tables/m5_source_band_fv_mass_correct_eta100_N164_profiles.json | outputs/tables/m5_source_band_global_replace_eval_eta100_N164_profiles.json | outputs/tables/m5_source_band_global_replace_skipaccepted_eta100_N164_profiles.json | outputs/tables/m5_source_band_mass_increment_eval_endpoint_eta100_N164_profiles.json | outputs/tables/m5_source_band_mass_increment_eval_integral_eta100_N164_profiles.json | outputs/tables/m5_source_band_production_replace_midpoint_persist_eta100_N164_profiles.json | outputs/tables/m5_source_band_production_replace_midpoint_seedonly20_halo32_eta100_N164_profiles.json | outputs/tables/m5_source_band_production_replace_reload_eval_eta100_N164_profiles.json
141fc91bce44f184a8421f8ccaf58f19deca8df57b097281e6683b8421fa0634,227375,5,909500,outputs/tables/m5_eta_conservative_source_element_corehalo8_eval_98p125_N164_profiles.json | outputs/tables/m5_eta_conservative_source_element_corehalo8_eval_masshermite_98p125_N164_profiles.json | outputs/tables/m5_eta_source_element_fprime_corehalo8_audit_seed_98p125_N164_profiles.json | outputs/tables/m5_eta_source_element_fprime_corehalo8_eval_98p125_N164_profiles.json | outputs/tables/m5_eta_source_element_lobatto_scaling_audit_seed_98p125_N164_profiles.json
0babefd14114b39da5b7a70b424ec38bf85b69ee7ad4bde98b1f37d6f84902f3,227287,5,909148,outputs/tables/m5_eta_lobatto_homotopy_refslopes_chi0p01_eval_98p125_N164_profiles.json | outputs/tables/m5_eta_lobatto_homotopy_refslopes_chi0p03_eval_98p125_N164_profiles.json | outputs/tables/m5_eta_lobatto_homotopy_refslopes_chi0p05_eval_98p125_N164_profiles.json | outputs/tables/m5_eta_lobatto_residual_homotopy_chi0_eval_98p125_N164_profiles.json | outputs/tables/m5_eta_lobatto_residual_homotopy_chi0p01_eval_98p125_N164_profiles.json
746bfbc1658ec6ff66874cd6724890f8d02b7784af3cbfd66e3339f1eea579bc,211312,5,845248,outputs/tables/m5_local_mdot_eta100_source_element_consistency_audit_N164_profiles.json | outputs/tables/m5_source_interface_energy_audit_eta100_N164_seed_profiles.json | outputs/tables/m5_source_interface_energy_rows_eta100_N164_gamma1_seed_profiles.json | outputs/tables/m5_source_interface_hs_energy_rows_eta100_N164_seed_profiles.json | outputs/tables/m5_source_interface_massonly_eta100_N164_seed_profiles.json
6e488af60a6e877b82de5ce67e17ec306d704cdb32deafd39307fa5b1ed4365b,335363,3,670726,outputs/tables/m5_eta_global_f_hsfv_production_corehalo8_full_guarded_nfev2_fromlocal_98p125_N164_profiles.json | outputs/tables/m5_eta_global_f_hsfv_production_corehalo8_full_linesearch_exporttrials_nfev2_fromlocal_98p125_N164_profiles.json | outputs/tables/m5_eta_global_f_hsfv_production_corehalo8_full_linesearch_nfev2_fromlocal_98p125_N164_profiles.json
e7df526eeb00ea185345814cd5526fcc23f22837ed7ff3451166460c6f3eaecc,133504,6,667520,outputs/tables/m5_eta_broad_conservative_block_diag_98p125_N164_profiles.json | outputs/tables/m5_eta_broad_cumulative_diag_98p125_N164_profiles.json | outputs/tables/m5_eta_broad_mass_eval_98p125_N164_profiles.json | outputs/tables/m5_eta_broad_mass_increment_eval2_98p125_N164_profiles.json | outputs/tables/m5_eta_broad_mass_increment_eval3_98p125_N164_profiles.json | outputs/tables/m5_eta_broad_mass_increment_eval_98p125_N164_profiles.json
80a889eb41829da7bbbe749e01da373c9d2f41ef7383667319d9c4611ffd2bc9,132964,6,664820,outputs/tables/m5_source_band_hs_oldsrc_w1em5_aux_eta100_N164_profiles.json | outputs/tables/m5_source_band_hs_oldsrc_w1em5_eta100_N164_profiles.json | outputs/tables/m5_source_band_hs_oldsrc_w1em5_fast_eta100_N164_profiles.json | outputs/tables/m5_source_band_production_replace_eval_from_hs_w1em5_eta100_N164_profiles.json | outputs/tables/m5_source_band_production_replace_eval_hsseed_eta100_N164_profiles.json | outputs/tables/m5_source_band_production_replace_eval_hsseed_midpoint_eta100_N164_profiles.json
932bc50c9a07fded6cfe0ee13a6f282993beaa562e7018d47165ace14fc379ca,205578,4,616734,outputs/tables/m5_local_mdot_eta90_source_element_refine2_blockmass_eta90_profiles.json | outputs/tables/m5_local_mdot_eta90_source_element_refine2_buffer_eta90_profiles.json | outputs/tables/m5_local_mdot_eta90_source_element_refine2_domain_eta90_profiles.json | outputs/tables/m5_local_mdot_eta90_source_element_refine2_seed_eta90_profiles.json
b5acf7e3126cbb838e3b5fe02c9b09cf8d43cbca27310b6478d1a9c561f7a847,546215,2,546215,outputs/tables/m5_eta_phase_critical_globalization_98p125_N164_profiles.json | outputs/tables/m5_eta_phase_critical_jacobian_audit_98p125_N164_profiles.json
1f7f48451a7d0d0b5e92f9065bedac5ded8e961a6dcd58554304a36c1a720fa0,122402,5,489608,outputs/tables/m5_local_mdot_eta_audit_N152_closure_entropy_slope_profiles.json | outputs/tables/m5_local_mdot_eta_audit_N152_closure_full_slope_profiles.json | outputs/tables/m5_local_mdot_eta_audit_N152_closure_local_energy_profiles.json | outputs/tables/m5_local_mdot_eta_audit_N152_closure_robin_chi0p5_profiles.json | outputs/tables/m5_local_mdot_eta_audit_N152_seed_differential_profiles.json
9b2f6e5c148b07e60418d761c2ca30c6139ed4f13227ecf947e1bbae64e91110,487198,2,487198,outputs/tables/m5_source_interface_massonly_eta90_N201_seed_nativeparams_profiles.json | outputs/tables/m5_source_interface_massonly_eta90_N201_seed_profiles.json
0c06031d60d2b27e265e4098cd027200b7fe1dc7b9c12b1c68e15d7bd523aff0,227343,3,454686,outputs/tables/m5_eta_lobatto_homotopy_chi0p01_eval_98p125_N164_profiles.json | outputs/tables/m5_eta_lobatto_homotopy_chi0p03_eval_98p125_N164_profiles.json | outputs/tables/m5_eta_lobatto_homotopy_chi0p05_eval_98p125_N164_profiles.json
70ba6cf70e82f92e54a4315a093f07806937f7ab9e97d5abe80dfa42ab62ba71,227283,3,454566,outputs/tables/m5_eta_lobatto_dae_eval_lobatto_98p125_N164_profiles.json | outputs/tables/m5_eta_lobatto_interface_diag_best_98p125_N164_profiles.json | outputs/tables/m5_eta_lobatto_radial_conditioning_audit_98p125_N164_profiles.json
761e91e6d08c9fc90f3dd99734e21dd22e1962925b55c71bb4cfab8b1f9e946a,205576,3,411152,outputs/tables/m5_local_mdot_eta90_source_element_ls_poly_strict_N251_profiles.json | outputs/tables/m5_local_mdot_eta90_source_element_refine2_global_domain2_eta90_profiles.json | outputs/tables/m5_local_mdot_eta90_source_element_refine2_global_domain3_eta90_profiles.json
9dfacb7316b53c61b477aa0f09fee9fdb129395cc41cfa3fdb5baa7cd41ea0d4,133382,4,400146,outputs/tables/m5_source_band_freezeaux_eval_eta100_N164_profiles.json | outputs/tables/m5_source_band_mass_increment_floor_audit_eta100_N164_profiles.json | outputs/tables/m5_source_band_mass_increment_global_forced5_eta100_N164_profiles.json | outputs/tables/m5_source_band_mass_increment_local_forced20_eta100_N164_profiles.json
0b1da08c2f536393ce77f6c3ef938a1ad743325bb454b7274388735d2c647229,133132,4,399396,outputs/tables/m5_eta_coupled_window10_15_linear_from_narrow_98p15625_N164_profiles.json | outputs/tables/m5_eta_coupled_window10_15_linear_halo32_from_narrow_98p15625_N164_profiles.json | outputs/tables/m5_eta_coupled_window10_15_linear_increment_from_narrow_98p15625_N164_profiles.json | outputs/tables/m5_eta_coupled_window10_15_linear_sourceonly_from_narrow_98p15625_N164_profiles.json
210511e191d7ebdb4cc6ac0d57c6155d539e4ff1c1591812a06a15ac5f4a488e,164484,3,328968,outputs/tables/m5_local_mdot_eta90_Nsrc32_source_domain_qm_halo4_seed_profiles.json | outputs/tables/m5_local_mdot_eta90_source_buffer_qm_midmass_from_halo4_seed_eta90_profiles.json | outputs/tables/m5_local_mdot_eta90_source_element_ls_poly_strict_N201_profiles.json
e5085ed9a02c7c90bed9f69239e99c1225a5343962551a1b310d0a3b6809e56d,133450,3,266900,outputs/tables/m5_eta_blockmass_postcheck99p6_N164_profiles.json | outputs/tables/m5_eta_blockmass_postcheck99p6_topall_N164_profiles.json | outputs/tables/m5_eta_from99p65_blockmass_refresh_check99p6_N164_profiles.json
d9cf523c168ddad97ac865026bbe67e7184e0ff565f1c49697481853eea7f80e,227433,2,227433,outputs/tables/m5_eta_source_element_fprime_corehalo8_audit_local_nfev80_98p125_N164_profiles.json | outputs/tables/m5_eta_source_element_lobatto_scaling_audit_local_nfev80_98p125_N164_profiles.json
e5994dfd45be9b27716bcc58b181a143dabcd5686d3fb2632753873b03100d2f,227365,2,227365,outputs/tables/m5_eta_lobatto_homotopy_chi0_eval_98p125_N164_profiles.json | outputs/tables/m5_eta_lobatto_source_eval_from_colpass2_98p125_N164_profiles.json
25573f4e42e772216db24c9bfbab3714c93aa4c0caa0911650fb56962e4f9218,205524,2,205524,outputs/tables/m5_local_mdot_eta90_source_element_refine2_block_domain_buffer_eta90_profiles.json | outputs/tables/m5_local_mdot_eta90_source_element_refine2_blockmass_then_domain_eta90_profiles.json
bc0d5c2e4928de0afb6db37067e8140e050b3091dfbad73a15d6a356c91556a1,133606,2,133606,outputs/tables/m5_eta99p9_freezeaux_eval_minimal_N164_profiles.json | outputs/tables/m5_eta99p9_tangent_eval_chi1_N164_profiles.json
dedcb1d981100843f161619055c9c637ffa266823b40577837f345e206392625,133426,2,133426,outputs/tables/m5_eta_broad_mass_increment_active_mdot_98p125_N164_profiles.json | outputs/tables/m5_eta_broad_mass_increment_active_mdot_pass2_98p125_N164_profiles.json
bd1be8dedff64916132c75f5a640b0373717daa248c876e4dbf5636612dfa542,133316,2,133316,outputs/tables/m5_eta_sourceband_reduced_nonlinear8_98p125_from98p15625_N164_profiles.json | outputs/tables/m5_eta_tangent_reduced_98p125_from98p15625_N164_profiles.json
faa42856e790de52b159b44bda1120a54f7a4d6876b3a9baeb66bc03c7f0d283,133212,2,133212,outputs/tables/m5_eta_adaptive_active_window_dense_sonic_98p46875_N164_profiles.json | outputs/tables/m5_eta_adaptive_active_window_dense_sonic_finealpha_98p46875_N164_profiles.json
e1bd751d46cae570043e7595a69214c8b742c763a888637467afa941cf24215c,133210,2,133210,outputs/tables/m5_eta_coupled_inner_window_98p15625_N164_profiles.json | outputs/tables/m5_eta_eval_bare_from_narrow_98p15625_N164_profiles.json
d404cdd25cc990992a988fb7e81489064cded586963d042a0e16d02fb7a87e7f,133188,2,133188,outputs/tables/m5_eta_two_pass_sonic12_98p21875_N164_profiles.json | outputs/tables/m5_eta_two_pass_sonic12_prepass12_98p21875_N164_profiles.json
902b3dd62895dd621ca13710e4d4ccd3b5b1ce98813c36e422afcfabc4086d9e,133122,2,133122,outputs/tables/m5_eta_coupled_window4p8_15_linear_after_alt_98p15625_N164_profiles.json | outputs/tables/m5_eta_coupled_window4p8_7p2_linear_after10_15_98p15625_N164_profiles.json
cb997d8f52e65b264fbfbc5dec09f33d6aeb98135b214c596f7c929f1b444771,132944,2,132944,outputs/tables/m5_source_band_hs_endpoint_trust1em2_eta100_N164_profiles.json | outputs/tables/m5_source_band_hs_oldsrc_w0_eta100_N164_profiles.json
8da864f2f460d6f6e911a7f19e8c4010be4cc2c5df839fe4ca1cb3630c1c0ee4,131800,2,131800,outputs/tables/m5_local_mdot_eta100_N164_reduced_band_90_270_a0p1_globals_profiles.json | outputs/tables/m5_local_mdot_eta100_N164_reduced_band_90_270_a0p1_pass2_profiles.json
0df2083b312dd8153711f1fc84f0c7060f2db382366014916545ded589fafb79,131596,2,131596,outputs/tables/m5_local_mdot_eta100_N160_to_N164_grid_homotopy_auto_block_seed_profiles.json | outputs/tables/m5_local_mdot_eta100_N160_to_N164_grid_homotopy_block_seed_profiles.json
d07217e5b8fad2d261f59fc83f8674a2257d91311528e68dfa9798f43aa6740e,122636,2,122636,outputs/tables/m5_local_mdot_eta100_block_q3_a1em2_n20_profiles.json | outputs/tables/m5_local_mdot_eta100_block_q3_a1em2_relaxed_seed_profiles.json
c052e11da5cf1271937f1db35b7cbebf0773445e84ce2598abf7702287d7ed8c,37737,2,37737,outputs/checkpoints/m5_eta_phase_dae_segment_state_intervalp_k4_from_dae_gs1000_98p125_N164/stage_00_etaE_98p125_N164.npz | outputs/checkpoints/m5_eta_phase_dae_segment_state_intervalp_k4_profile_98p125_N164/stage_00_etaE_98p125_N164.npz
9dc0beb7c6e589bdbd16f1d12d66aba4a660ae23f870b470d27133f65d455125,7177,6,35885,outputs/figures/high_mdot_stream_m5_fs080_smooth_energy_wind_chi099_w005_eta0_aggrpatch_007_N896.png | outputs/figures/high_mdot_stream_m5_fs080_smooth_energy_wind_chi099_w005_eta0_cleanup_007_N896.png | outputs/figures/high_mdot_stream_m5_fs080_smooth_energy_wind_chi099_w005_eta0_globalpatch_007_N896.png | outputs/figures/high_mdot_stream_m5_fs080_smooth_energy_wind_chi099_w005_eta0_tangent_patch_007_ejac1e6_N896.png | outputs/figures/high_mdot_stream_m5_fs080_smooth_energy_wind_chi099_w005_eta0_tangent_patch_007_from0065_N896.png | outputs/figures/high_mdot_stream_source_compact_blend15_origgrid_fs082_N768.png
2cac0f84bb398ddd6f59d1ffef0c3f036c0ecedd2059bced5aedd7ed844f8920,26010,2,26010,outputs/checkpoints/m5_eta99p6_active_mass_profile_sbgrows_eval_N164/stage_00_etaE_99p6_N164.npz | outputs/checkpoints/m5_eta_from99p65_active_mass_profile_sbgrows_ladder_N164/stage_00_etaE_99p6_N164.npz
7c173fcee8649cd4d0200c68de52d7cc64c755e107b20061c2e8f88872ccda8a,25265,2,25265,outputs/checkpoints/m5_eta99p40_noinner_sbgrows_links_refresh_balanced_N164/stage_00_etaE_99p4_N164.npz | outputs/checkpoints/m5_eta_from99p45_noinner_sbgrows_links_refresh_balanced_ladder_N164/stage_00_etaE_99p4_N164.npz
625f11b77f9bd6327eda4fd561440d7186bf4cf57743180659be38578a6827f9,24370,2,24370,outputs/checkpoints/m5_eta99p9_tangent_eval_massview_reg1em5_N164/stage_00_etaE_99p9_N164.npz | outputs/checkpoints/m5_eta_smallstep_tangent_eval_massview_reg1em5_N164/stage_00_etaE_99p9_N164.npz
d2e19c7643dc606de3bbdac2b89b8768620c28e302f4dba89c748f54e381b9a1,24342,2,24342,outputs/checkpoints/m5_eta99p9_tangent_eval_massview_N164/stage_00_etaE_99p9_N164.npz | outputs/checkpoints/m5_eta_smallstep_tangent_eval_massview_N164/stage_00_etaE_99p9_N164.npz
46f6092899f33418fee512c37133f6272a4780febbfe0fff237569e3b80bdb22,3845,7,23070,outputs/checkpoints/slim_benchmark_mdot_injection_ladder/anchor_mdot_0p001.npz | outputs/checkpoints/slim_benchmark_mdot_injection_micro_ladder/anchor_mdot_0p001.npz | outputs/checkpoints/slim_benchmark_mdot_injection_micro_tight_down/anchor_mdot_0p001.npz | outputs/checkpoints/slim_benchmark_mdot_injection_rout10000_2pct_ladder/anchor_mdot_0p001.npz | outputs/checkpoints/slim_benchmark_mdot_injection_rout10000_fivepercent/anchor_mdot_0p001.npz | outputs/checkpoints/slim_benchmark_mdot_injection_rout10000_onepercent/anchor_mdot_0p001.npz | outputs/checkpoints/slim_benchmark_mdot_injection_rout10000_twopercent/anchor_mdot_0p001.npz
515313829d1077eaff3f34beddb5a098a9385f8909fb9ffee1850d14f66c6d40,22447,2,22447,outputs/checkpoints/m5_eta_global_fv_mass_predictor_sourceband_eval_98p125_N164/stage_00_etaE_98p125_N164.npz | outputs/checkpoints/m5_eta_global_fv_mass_sourceband_eval_98p125_N164/stage_00_etaE_98p125_N164.npz
5049f63dc9976d02f7fe031c4420868a569ed0fe17355c458a82844e46814f61,22380,2,22380,outputs/checkpoints/m5_eta99p9_freezeaux_eval_minimal_N164/stage_00_etaE_99p9_N164.npz | outputs/checkpoints/m5_eta_smallstep_freezeaux_eval_massview_N164/stage_00_etaE_99p9_N164.npz
8771c60281341705bb197192cde760482d46a50f6d6354b5bbad498efdae433f,3837,6,19185,outputs/checkpoints/slim_benchmark_adaptive_mdot_ladder_equilibrated/down_mdot_0p00099005.npz | outputs/checkpoints/slim_benchmark_adaptive_mdot_ladder_equilibrated_10pct/down_mdot_0p00099005.npz | outputs/checkpoints/slim_benchmark_adaptive_mdot_ladder_equilibrated_5pct/down_mdot_0p00099005.npz | outputs/checkpoints/slim_benchmark_adaptive_mdot_ladder_secant_10pct_probe/down_mdot_0p00099005.npz | outputs/checkpoints/slim_benchmark_adaptive_mdot_ladder_secant_3e4_3e3/down_mdot_0p00099005.npz | outputs/checkpoints/slim_benchmark_adaptive_mdot_ladder_strict_probe/down_mdot_0p00099005.npz
0c920e827e5481745c2f14e56b5e6e4d80791629ea5713e0614ae6a6ea8fef71,3829,6,19145,outputs/checkpoints/slim_benchmark_adaptive_mdot_ladder_equilibrated/up_mdot_0p00101005.npz | outputs/checkpoints/slim_benchmark_adaptive_mdot_ladder_equilibrated_10pct/up_mdot_0p00101005.npz | outputs/checkpoints/slim_benchmark_adaptive_mdot_ladder_equilibrated_5pct/up_mdot_0p00101005.npz | outputs/checkpoints/slim_benchmark_adaptive_mdot_ladder_secant_10pct_probe/up_mdot_0p00101005.npz | outputs/checkpoints/slim_benchmark_adaptive_mdot_ladder_secant_3e4_3e3/up_mdot_0p00101005.npz | outputs/checkpoints/slim_benchmark_adaptive_mdot_ladder_strict_probe/up_mdot_0p00101005.npz
998c29c9a48005222936526b88c9da54222dd651c406414dc4bde2462ce028d2,3837,5,15348,outputs/checkpoints/slim_benchmark_adaptive_mdot_ladder_equilibrated/down_mdot_0p000979709.npz | outputs/checkpoints/slim_benchmark_adaptive_mdot_ladder_equilibrated_10pct/down_mdot_0p000979709.npz | outputs/checkpoints/slim_benchmark_adaptive_mdot_ladder_equilibrated_5pct/down_mdot_0p000979709.npz | outputs/checkpoints/slim_benchmark_adaptive_mdot_ladder_secant_10pct_probe/down_mdot_0p000979709.npz | outputs/checkpoints/slim_benchmark_adaptive_mdot_ladder_secant_3e4_3e3/down_mdot_0p000979709.npz
71f47fa400b690589621133bbffbb897d20dc5bb17292da23875b2f66a38f2bf,3829,5,15316,outputs/checkpoints/slim_benchmark_adaptive_mdot_ladder_equilibrated/up_mdot_0p00102071.npz | outputs/checkpoints/slim_benchmark_adaptive_mdot_ladder_equilibrated_10pct/up_mdot_0p00102071.npz | outputs/checkpoints/slim_benchmark_adaptive_mdot_ladder_equilibrated_5pct/up_mdot_0p00102071.npz | outputs/checkpoints/slim_benchmark_adaptive_mdot_ladder_secant_10pct_probe/up_mdot_0p00102071.npz | outputs/checkpoints/slim_benchmark_adaptive_mdot_ladder_secant_3e4_3e3/up_mdot_0p00102071.npz
9166b39d939968d1ad73e5b13fcdb48f2898b7cb9b9c34bf8456fed6194bcac1,3829,5,15316,outputs/checkpoints/slim_benchmark_adaptive_mdot_ladder_equilibrated/up_mdot_0p00103528.npz | outputs/checkpoints/slim_benchmark_adaptive_mdot_ladder_equilibrated_10pct/up_mdot_0p00103528.npz | outputs/checkpoints/slim_benchmark_adaptive_mdot_ladder_equilibrated_5pct/up_mdot_0p00103528.npz | outputs/checkpoints/slim_benchmark_adaptive_mdot_ladder_secant_10pct_probe/up_mdot_0p00103528.npz | outputs/checkpoints/slim_benchmark_adaptive_mdot_ladder_secant_3e4_3e3/up_mdot_0p00103528.npz
70da7cfdcbc307a50059e9cdff5b64c489d1982ba5fe15e9a41b88b5140ef5f0,14480,2,14480,outputs/checkpoints/m5_source_interface_massonly_eta90_N201_seed/stage_00_etaE_90_N201.npz | outputs/checkpoints/m5_source_interface_massonly_eta90_N201_seed_nativeparams/stage_00_etaE_90_N201.npz
f63ceaed8fda772622299cbd81116fd55c958cc99f08b1c62463bbbf08b2fc66,13521,2,13521,outputs/checkpoints/m5_source_plus_buffer_implicit_pilot12_eta100_N164/stage_00_etaE_100_N164.npz | outputs/checkpoints/m5_source_plus_buffer_implicit_relaxed_scout_eta100_N164/stage_00_etaE_100_N164.npz
0b5b28b40ef15e8e9f11c7c46a3742bda226aaed2c5d3fc759170059ea034bad,6495,3,12990,outputs/figures/high_mdot_stream_outer_buffer_repolish090_inverse_dx.png | outputs/figures/high_mdot_stream_outer_buffer_repolish090_inverse_dx_C1.png | outputs/figures/high_mdot_stream_outer_buffer_repolish090_inverse_dx_j1e6.png
4e465dd2d66d1da66d1fe44441f59affa7da0c7e6c0dd7d34d2f95f6fd7a3b04,12500,2,12500,outputs/checkpoints/m5_source_plus_buffer_implicit_probe_eta100_N164/stage_00_etaE_100_N164.npz | outputs/checkpoints/m5_source_plus_buffer_implicit_probe_sparse_eta100_N164/stage_00_etaE_100_N164.npz
9cfe3bfc95e96744feab1105d7f1e887d952147bd3d556488eccdf7d97736aa4,3837,4,11511,outputs/checkpoints/slim_benchmark_adaptive_mdot_ladder_equilibrated_10pct/down_mdot_0p000968967.npz | outputs/checkpoints/slim_benchmark_adaptive_mdot_ladder_equilibrated_5pct/down_mdot_0p000968967.npz | outputs/checkpoints/slim_benchmark_adaptive_mdot_ladder_secant_10pct_probe/down_mdot_0p000968967.npz | outputs/checkpoints/slim_benchmark_adaptive_mdot_ladder_secant_3e4_3e3/down_mdot_0p000968967.npz
a8458beaa09d2274b80cfb9369f5856d7bc471a14d2ad91d3fd17987e2b8b718,11220,2,11220,outputs/checkpoints/m5_local_mdot_eta100_N160_to_N164_grid_homotopy_auto_block_seed/stage_00_etaE_100_N164.npz | outputs/checkpoints/m5_local_mdot_eta100_N160_to_N164_grid_homotopy_block_seed/stage_00_etaE_100_N164.npz
6b5c4842eb12e71a6e16b59fd5af2b84426082b38466c8b13ed0590d295f69b4,8095,2,8095,outputs/figures/high_mdot_stream_source_bridge_m2_residual_outer_grid_guarded_secant_0p80_0p85.png | outputs/figures/high_mdot_stream_source_bridge_m2_residual_outer_grid_secant_0p80_0p90_fine.png
0759fdaefcfa97905d07a11f0df8620dd29de94cceb39e3b98254bfbdae8ebec,3837,3,7674,outputs/checkpoints/slim_benchmark_adaptive_mdot_ladder_newton_refresh_1e4_1e2/down_mdot_0p00099005.npz | outputs/checkpoints/slim_benchmark_adaptive_mdot_ladder_newton_refresh_3e4_3e3/down_mdot_0p00099005.npz | outputs/checkpoints/slim_benchmark_adaptive_mdot_ladder_newton_refresh_probe/down_mdot_0p00099005.npz
9750bdee6c93749348b80c6f90973b65ffb8f1f9d962cf993814c225642513a8,3837,3,7674,outputs/checkpoints/slim_benchmark_adaptive_mdot_ladder_newton_refresh_1e4_1e2/down_mdot_0p000959134.npz | outputs/checkpoints/slim_benchmark_adaptive_mdot_ladder_newton_refresh_3e4_3e3/down_mdot_0p000959134.npz | outputs/checkpoints/slim_benchmark_adaptive_mdot_ladder_newton_refresh_probe/down_mdot_0p000959134.npz
e7d3955a65b1f3b82cd63ca663091d230b293c024be65726ad3ad0f6f280c0a7,3837,3,7674,outputs/checkpoints/slim_benchmark_adaptive_mdot_ladder_newton_refresh_1e4_1e2/down_mdot_0p000976774.npz | outputs/checkpoints/slim_benchmark_adaptive_mdot_ladder_newton_refresh_3e4_3e3/down_mdot_0p000976774.npz | outputs/checkpoints/slim_benchmark_adaptive_mdot_ladder_newton_refresh_probe/down_mdot_0p000976774.npz
265919e456b29c2e691c337a6554717922db87fa53e19b1c50b9dbc447333e86,3829,3,7658,outputs/checkpoints/slim_benchmark_adaptive_mdot_ladder_newton_refresh_1e4_1e2/up_mdot_0p00104261.npz | outputs/checkpoints/slim_benchmark_adaptive_mdot_ladder_newton_refresh_3e4_3e3/up_mdot_0p00104261.npz | outputs/checkpoints/slim_benchmark_adaptive_mdot_ladder_newton_refresh_probe/up_mdot_0p00104261.npz
3f5c4c0c1bd80ad701fe618ef0b1c3c582a36c82db466400c27dbc42fc1edc0b,3829,3,7658,outputs/checkpoints/slim_benchmark_adaptive_mdot_ladder_newton_refresh_1e4_1e2/up_mdot_0p00101005.npz | outputs/checkpoints/slim_benchmark_adaptive_mdot_ladder_newton_refresh_3e4_3e3/up_mdot_0p00101005.npz | outputs/checkpoints/slim_benchmark_adaptive_mdot_ladder_newton_refresh_probe/up_mdot_0p00101005.npz
3f606c62fa937f8ed160d7317b1df2e8a41eb27ba765a829be69c1c9a6696f2f,3829,3,7658,outputs/checkpoints/slim_benchmark_adaptive_mdot_ladder_equilibrated_10pct/up_mdot_0p00107213.npz | outputs/checkpoints/slim_benchmark_adaptive_mdot_ladder_secant_10pct_probe/up_mdot_0p00107213.npz | outputs/checkpoints/slim_benchmark_adaptive_mdot_ladder_secant_3e4_3e3/up_mdot_0p00107213.npz
6142d83845f01066f9121b2b34d111509d8d2fc77dd013ae1105583294c0fa34,3829,3,7658,outputs/checkpoints/slim_benchmark_adaptive_mdot_ladder_newton_refresh_1e4_1e2/up_mdot_0p00102378.npz | outputs/checkpoints/slim_benchmark_adaptive_mdot_ladder_newton_refresh_3e4_3e3/up_mdot_0p00102378.npz | outputs/checkpoints/slim_benchmark_adaptive_mdot_ladder_newton_refresh_probe/up_mdot_0p00102378.npz
acd60fb96154db20c8f64b03e7b7f1c16db1a3b1fba2917f9b8e1f2aefe45bf1,3829,3,7658,outputs/checkpoints/slim_benchmark_adaptive_mdot_ladder_equilibrated_10pct/up_mdot_0p00105081.npz | outputs/checkpoints/slim_benchmark_adaptive_mdot_ladder_secant_10pct_probe/up_mdot_0p00105081.npz | outputs/checkpoints/slim_benchmark_adaptive_mdot_ladder_secant_3e4_3e3/up_mdot_0p00105081.npz
4f02e101ebd3ab0225d6e0d4cbaf5d916ecd432784fc9df109313bf25fc21b6b,7188,2,7188,outputs/figures/high_mdot_stream_source_compact_blend02_origgrid_fs082_N768.png | outputs/figures/high_mdot_stream_torque_bridge_m2_narrow_fs010_torquep0005.png
2ccad9200b41f8081eb130fdc2f1adfcd8938cfdf398484b66840b49458802dd,7177,2,7177,outputs/figures/high_mdot_stream_m5_fs080_smooth_energy_wind_chi099_w005_eta0_energymerit_00675_N896.png | outputs/figures/high_mdot_stream_m5_fs080_smooth_energy_wind_chi099_w005_eta0_tangent_patch_00675_N896.png
388a6a4ec641ff6f968f6a9ea1b40775617d760648ad8092f6d842472812d8ad,7177,2,7177,outputs/figures/high_mdot_stream_source_compact_blend67_origgrid_fs082_N768.png | outputs/figures/high_mdot_stream_source_compact_full_origgrid_fs082_N768.png
59e03675f990385d9e56f775a80e702eb14597c2b332bae529c076e2635584b6,7177,2,7177,outputs/figures/high_mdot_stream_m5_fs080_smooth_energy_wind_chi099_w005_eta0_tangent_direct_006_N896.png | outputs/figures/high_mdot_stream_outer_buffer_energy_merit_next_diag4_089809375_to0898125.png
60160826c9a19c387729bb5cdca0880b8387e9f3c76ccaea8e5e774ac8257a3c,7177,2,7177,outputs/figures/high_mdot_stream_source_compact_blend25_origgrid_fs082_N768.png | outputs/figures/high_mdot_stream_source_compact_blend60_origgrid_fs082_N768.png
8e2516339db6a1ed297af9bdc438d31cda26983796120e8951db2b64274a10ed,7177,2,7177,outputs/figures/high_mdot_stream_m5_fs080_smooth_energy_wind_chi099_w005_eta0_tangent_patch_007_N896.png | outputs/figures/high_mdot_stream_m5_fs080_smooth_energy_wind_chi099_w005_eta0_widepatch_007_N896.png
8e2ab1bbbd4f87abdc04225c3302600d9ced67118b77b975a1422601060ebf88,7177,2,7177,outputs/figures/high_mdot_stream_outer_buffer_repolish090_target_phys_remesh_more.png | outputs/figures/high_mdot_stream_source_tangent_adaptive_0p832_to0p833_tinystep_N768.png
f6c559e6b1498de9538283adeed0f8dd542003426c76b38bb0f844ccee80d931,7177,2,7177,outputs/figures/high_mdot_stream_compact_outer_buffered_rout310_E1e3_B1e2_from305_N896.png | outputs/figures/high_mdot_stream_m5_fs080_smooth_energy_wind_chi099_w005_eta0_patch4_006_N896.png
cc9ac4e85419ee55c03b4d81c866d5dd8d0dbbc9075435d09235fd742dd0e17b,6495,2,6495,outputs/figures/high_mdot_stream_compact_outer_buffered_rout335_buffer290_R1e3_E1e3_B1e4_from310_N896.png | outputs/figures/high_mdot_stream_compact_outer_buffered_rout335_buffer290_repolish_N896.png
e87207b3c86f335ca98f802a0d2a48d0068d8ab159ef93f8f994eaeb1d511ed4,6339,2,6339,outputs/figures/slim_benchmark_high_mdot_no_wind_certification_m2_N512_C1.png | outputs/figures/slim_benchmark_high_mdot_no_wind_certification_m2_N512_quick.png
b4b56bafb2516010738ddf2e0fa61764218a18442643e50438819958c7deace8,3077,3,6154,outputs/checkpoints/slim_benchmark_mdot_injection_rout1000_micro_ladder/anchor_mdot_0p001.npz | outputs/checkpoints/slim_benchmark_mdot_injection_rout1000_onepercent/anchor_mdot_0p001.npz | outputs/checkpoints/slim_benchmark_mdot_injection_rout1000_pivot_scan/anchor_mdot_0p001.npz
a4cba3d0a8d53a51536282064428673eb350082ff356c57a5634ca07deb6e553,6066,2,6066,outputs/figures/high_mdot_stream_m5_fs080_smooth_energy_wind_chi099_w005_eta0_N896.png | outputs/figures/m5_energy_wind_closure_repolish_q02_chi985_w010_eps095.png
28d38d3455a1e4c1267999f5b8ee6368163d595a9fb17e324124d47afc155897,6039,2,6039,outputs/figures/high_mdot_stream_m5_fs080_buffer305_N896.png | outputs/figures/high_mdot_stream_m5_fs080_smooth_energy_wind_chi099_w005_eta0_windjac_007_N896.png
42c19b8f343123312be1c753e2eb28f69d5a22876a59b29bae0288f11bfe099e,6039,2,6039,outputs/figures/high_mdot_stream_m5_fs080_buffer295_N896.png | outputs/figures/m5_energy_wind_mesh_validation_eta620_N1024.png
5a2246b3f099603630d7ded65febdf1bc33ee61fd0413e65236d614099f1a4a4,6039,2,6039,outputs/figures/high_mdot_stream_m5_fs080_geometry_rinj260_N896.png | outputs/figures/high_mdot_stream_m5_fs080_geometry_rinj268_N896.png
8713cacc8b28afbb3249e90621646d852f4b96220c552540a261239f939ae489,6028,2,6028,outputs/figures/high_mdot_stream_outer_buffer_repolish090_damped_lsmr.png | outputs/figures/high_mdot_stream_outer_buffer_repolish090_damped_lsmr_iter2.png
ced5b4e99763f14b1346c2b98e632ead66947db50396814a2c8053849d6a62fe,6028,2,6028,outputs/figures/high_mdot_stream_compact_outer_buffer_ladder_rout335_N896.png | outputs/figures/high_mdot_stream_compact_outer_buffer_validation_buffer295.png
004283352599b354d01e71594eb6e4a63548d9ecb352c6ec06ab90e92e9d74ab,6002,2,6002,outputs/figures/high_mdot_stream_compact_outer_buffer_rout310_from305_fixedrinj240_fs08625_N896.png | outputs/figures/high_mdot_stream_outer_buffer_energy_merit_next_diag4_089825_to08985.png
040cf7e14b105bb6ee90b9026de9919758e7595c4c0d88ffe2b213e94fba7eff,5892,2,5892,outputs/figures/high_mdot_stream_m5_fs080_smooth_energy_wind_chi099_w005_eta0_predictor_audit_10_from098_N896.png | outputs/figures/high_mdot_stream_m5_fs080_smooth_energy_wind_chi099_w005_eta0_predictor_audit_secant_10_from098_N896.png
3d9b7d95bd9ceb256e55fac4addeba713ef1b971a1064e5522b7766c54b387b9,4847,2,4847,outputs/checkpoints/slim_benchmark_adaptive_mdot_ladder_pressure_1e4_1e2/down_mdot_0p00099005.npz | outputs/checkpoints/slim_benchmark_adaptive_mdot_ladder_pressure_probe/down_mdot_0p00099005.npz
008f08ed71a5bd7151c54e37546a2dd317b144f0e3e74ccba21ea21e56fa47e3,3837,2,3837,outputs/checkpoints/slim_benchmark_adaptive_mdot_ladder_newton_refresh_1e4_1e2/down_mdot_0p000396564.npz | outputs/checkpoints/slim_benchmark_adaptive_mdot_ladder_newton_refresh_3e4_3e3/down_mdot_0p000396564.npz
0e521a8dc86c51d6ddab481bdbb833f9c5a076146221bd2508e923a16ca8e79d,3837,2,3837,outputs/checkpoints/slim_benchmark_adaptive_mdot_ladder_secant_10pct_probe/down_mdot_0p000939848.npz | outputs/checkpoints/slim_benchmark_adaptive_mdot_ladder_secant_3e4_3e3/down_mdot_0p000939848.npz
0faf100366282bfefa00b525d6c0653cbf16cb250a6d589d3a9338a25b7f6b2c,3837,2,3837,outputs/checkpoints/slim_benchmark_adaptive_mdot_ladder_newton_refresh_1e4_1e2/down_mdot_0p000865555.npz | outputs/checkpoints/slim_benchmark_adaptive_mdot_ladder_newton_refresh_3e4_3e3/down_mdot_0p000865555.npz
1a9e77d4da8d07dc144bb98f9949bb3f7eee4b182f893989254e1e394bd88089,3837,2,3837,outputs/checkpoints/slim_benchmark_adaptive_mdot_ladder_newton_refresh_1e4_1e2/down_mdot_0p000311948.npz | outputs/checkpoints/slim_benchmark_adaptive_mdot_ladder_newton_refresh_3e4_3e3/down_mdot_0p000311948.npz
25a713375f821be1ce6e160e7db0deafc068d190ee4bd6b02704a4a7087a91b3,3837,2,3837,outputs/checkpoints/slim_benchmark_adaptive_mdot_ladder_equilibrated/down_mdot_0p0009859.npz | outputs/checkpoints/slim_benchmark_adaptive_mdot_ladder_strict_probe/down_mdot_0p0009859.npz
29eebacb7579305b121423dcc75c6568a22812c943f0a223e6b9534257543af3,3837,2,3837,outputs/checkpoints/slim_benchmark_mdot_injection_rout10000_2pct_ladder/down_mdot_0p00098.npz | outputs/checkpoints/slim_benchmark_mdot_injection_rout10000_twopercent/down_mdot_0p00098.npz
51c79139a5ba5b32403b51297e7703a6b206042e3368d9a0250cfbda41cc6b3d,3837,2,3837,outputs/checkpoints/slim_benchmark_adaptive_mdot_ladder_newton_refresh_1e4_1e2/down_mdot_0p000465372.npz | outputs/checkpoints/slim_benchmark_adaptive_mdot_ladder_newton_refresh_3e4_3e3/down_mdot_0p000465372.npz
55b7ff75ded1d474db21320ff4f680b5cf0c041b897c7ef7deecc40f5f118fda,3837,2,3837,outputs/checkpoints/slim_benchmark_adaptive_mdot_ladder_newton_refresh_1e4_1e2/down_mdot_0p000429592.npz | outputs/checkpoints/slim_benchmark_adaptive_mdot_ladder_newton_refresh_3e4_3e3/down_mdot_0p000429592.npz
5fdfe9ba10ebca8c7ebffab6cf3c034e82844ab9330bb3db7c68fa9cc098d738,3837,2,3837,outputs/checkpoints/slim_benchmark_adaptive_mdot_ladder_newton_refresh_1e4_1e2/down_mdot_0p000694253.npz | outputs/checkpoints/slim_benchmark_adaptive_mdot_ladder_newton_refresh_3e4_3e3/down_mdot_0p000694253.npz
73596826404889129ff054f190d3b27ccd115c987bdc747b1ab179924f7a01d3,3837,2,3837,outputs/checkpoints/slim_benchmark_adaptive_mdot_ladder_newton_refresh_1e4_1e2/down_mdot_0p000546119.npz | outputs/checkpoints/slim_benchmark_adaptive_mdot_ladder_newton_refresh_3e4_3e3/down_mdot_0p000546119.npz
74ba4f3b35331962ff9c361b84565b4e10e553156765bc46b540fbb386ab7eee,3837,2,3837,outputs/checkpoints/slim_benchmark_adaptive_mdot_ladder_newton_refresh_1e4_1e2/down_mdot_0p000752075.npz | outputs/checkpoints/slim_benchmark_adaptive_mdot_ladder_newton_refresh_3e4_3e3/down_mdot_0p000752075.npz
7d399fa2ecf37cc039f68ce60c16af76d69c534261aad0cebca25affea0f87d2,3837,2,3837,outputs/checkpoints/slim_benchmark_adaptive_mdot_ladder_secant_10pct_probe/down_mdot_0p000920227.npz | outputs/checkpoints/slim_benchmark_adaptive_mdot_ladder_secant_3e4_3e3/down_mdot_0p000920227.npz
832041ef88f8d96007189c1c0a0238e1268da60564e93e6896b0384db9cef0f4,3837,2,3837,outputs/checkpoints/slim_benchmark_adaptive_mdot_ladder_newton_refresh_1e4_1e2/down_mdot_0p000366074.npz | outputs/checkpoints/slim_benchmark_adaptive_mdot_ladder_newton_refresh_3e4_3e3/down_mdot_0p000366074.npz
881b378178b5a379dac5d2673e65b10447de85b124fc8aea262c6a5bac35972e,3837,2,3837,outputs/checkpoints/slim_benchmark_adaptive_mdot_ladder_newton_refresh_1e4_1e2/down_mdot_0p000935823.npz | outputs/checkpoints/slim_benchmark_adaptive_mdot_ladder_newton_refresh_3e4_3e3/down_mdot_0p000935823.npz
9140f667565f99fc732e57ec5b3b2b68838e8a263f59ca905b942692d9484039,3837,2,3837,outputs/checkpoints/slim_benchmark_adaptive_mdot_ladder_newton_refresh_1e4_1e2/down_mdot_0p000504131.npz | outputs/checkpoints/slim_benchmark_adaptive_mdot_ladder_newton_refresh_3e4_3e3/down_mdot_0p000504131.npz
9d894218077476ddc4655c241a96cea7c5e675fef75d035938e30a4ff6196fac,3837,2,3837,outputs/checkpoints/slim_benchmark_adaptive_mdot_ladder_newton_refresh_1e4_1e2/down_mdot_0p000337929.npz | outputs/checkpoints/slim_benchmark_adaptive_mdot_ladder_newton_refresh_3e4_3e3/down_mdot_0p000337929.npz
b7546c4e216f39d8802d3c1ddf2c8d8c05a8a4c24da654f7fc25d7150eb4ab91,3837,2,3837,outputs/checkpoints/slim_benchmark_adaptive_mdot_ladder_newton_refresh_1e4_1e2/down_mdot_0p000591604.npz | outputs/checkpoints/slim_benchmark_adaptive_mdot_ladder_newton_refresh_3e4_3e3/down_mdot_0p000591604.npz
cc440df63bf62048ae91de6c795a8e75857f40b7b0906b343e3ce4c3c8afe3a1,3837,2,3837,outputs/checkpoints/slim_benchmark_adaptive_mdot_ladder_newton_refresh_1e4_1e2/down_mdot_0p00090525.npz | outputs/checkpoints/slim_benchmark_adaptive_mdot_ladder_newton_refresh_3e4_3e3/down_mdot_0p00090525.npz
e21bf75591db52a7c2545bf5630b6e7979cb1ea631f3532a72773a26d2da7b42,3837,2,3837,outputs/checkpoints/slim_benchmark_adaptive_mdot_ladder_equilibrated_10pct/down_mdot_0p000954652.npz | outputs/checkpoints/slim_benchmark_adaptive_mdot_ladder_equilibrated_5pct/down_mdot_0p000954652.npz
eae2d4c6449ad45e21097f7039121b9ccfd6294eb06976aef8de4920fbe886b0,3837,2,3837,outputs/checkpoints/slim_benchmark_adaptive_mdot_ladder_newton_refresh_1e4_1e2/down_mdot_0p000640876.npz | outputs/checkpoints/slim_benchmark_adaptive_mdot_ladder_newton_refresh_3e4_3e3/down_mdot_0p000640876.npz
eb24746d6c6cf36ec9a32690f01f3322750966f5e4d4a243fbfab490254295d0,3837,2,3837,outputs/checkpoints/slim_benchmark_adaptive_mdot_ladder_secant_10pct_probe/down_mdot_0p000954652.npz | outputs/checkpoints/slim_benchmark_adaptive_mdot_ladder_secant_3e4_3e3/down_mdot_0p000954652.npz
ef2ddfed5b1daf09bfd43487841df21c781f2ddf82bc4e659633546569fac7d8,3837,2,3837,outputs/checkpoints/slim_benchmark_adaptive_mdot_ladder_newton_refresh_1e4_1e2/down_mdot_0p000814714.npz | outputs/checkpoints/slim_benchmark_adaptive_mdot_ladder_newton_refresh_3e4_3e3/down_mdot_0p000814714.npz
0bc8116161943ed1037c983c2568559000aa06788ee2bdeb6057b9923ff6c1a0,3829,2,3829,outputs/checkpoints/slim_benchmark_adaptive_mdot_ladder_newton_refresh_1e4_1e2/up_mdot_0p00169032.npz | outputs/checkpoints/slim_benchmark_adaptive_mdot_ladder_newton_refresh_3e4_3e3/up_mdot_0p00169032.npz
150efaee1d85c9142cc8289a1d94cb2a361156f68a9a9f0657e5d4da0f833542,3829,2,3829,outputs/checkpoints/slim_benchmark_adaptive_mdot_ladder_newton_refresh_1e4_1e2/up_mdot_0p0014404.npz | outputs/checkpoints/slim_benchmark_adaptive_mdot_ladder_newton_refresh_3e4_3e3/up_mdot_0p0014404.npz
175d7de7b78f196a689d4dde833bda3a7c836e71942e489c2628cf5284341ea2,3829,2,3829,outputs/checkpoints/slim_benchmark_adaptive_mdot_ladder_newton_refresh_1e4_1e2/up_mdot_0p0029592.npz | outputs/checkpoints/slim_benchmark_adaptive_mdot_ladder_newton_refresh_3e4_3e3/up_mdot_0p0029592.npz
296fa000d0143fb374daf343633f9cf726d79fb8e347671daa7ac2e04732fb48,3829,2,3829,outputs/checkpoints/slim_benchmark_adaptive_mdot_ladder_newton_refresh_1e4_1e2/up_mdot_0p00252166.npz | outputs/checkpoints/slim_benchmark_adaptive_mdot_ladder_newton_refresh_3e4_3e3/up_mdot_0p00252166.npz
30cbc48dda0f7bc988d609ab97c4de22e5e4576c7bdd7f801d214055dcf8b764,3829,2,3829,outputs/checkpoints/slim_benchmark_adaptive_mdot_ladder_newton_refresh_1e4_1e2/up_mdot_0p00110467.npz | outputs/checkpoints/slim_benchmark_adaptive_mdot_ladder_newton_refresh_3e4_3e3/up_mdot_0p00110467.npz
3cb93433096bdb8fcd2fbf72ba6de6b646513314ce07b5ff9f0658c4431fa27f,3829,2,3829,outputs/checkpoints/slim_benchmark_adaptive_mdot_ladder_newton_refresh_1e4_1e2/up_mdot_0p00273168.npz | outputs/checkpoints/slim_benchmark_adaptive_mdot_ladder_newton_refresh_3e4_3e3/up_mdot_0p00273168.npz
5c3d86b564444ade00843f382aa5a64858ef5ec291f525b887caf98450061d7a,3829,2,3829,outputs/checkpoints/slim_benchmark_adaptive_mdot_ladder/up_mdot_0p00101258.npz | outputs/checkpoints/slim_benchmark_adaptive_mdot_ladder_integrated_pre_up_probe/up_mdot_0p00101258.npz
6ceff13e6a322700ceed1d1bbb8cb19038e1b032d78647ab2f97fce6282461bc,3829,2,3829,outputs/checkpoints/slim_benchmark_adaptive_mdot_ladder_newton_refresh_1e4_1e2/up_mdot_0p0018311.npz | outputs/checkpoints/slim_benchmark_adaptive_mdot_ladder_newton_refresh_3e4_3e3/up_mdot_0p0018311.npz
7a8eca0c62e7e28162abc6b84c8e3a4e8a4b6fef80673cd57380b9336b54c921,3829,2,3829,outputs/checkpoints/slim_benchmark_adaptive_mdot_ladder/up_mdot_0p00103097.npz | outputs/checkpoints/slim_benchmark_adaptive_mdot_ladder_integrated_pre_up_probe/up_mdot_0p00103097.npz
855002426ad361fa4728445aa3d40ad60f1055146db81238b66ffbe72236e7d1,3829,2,3829,outputs/checkpoints/slim_benchmark_adaptive_mdot_ladder_equilibrated_10pct/up_mdot_0p0011.npz | outputs/checkpoints/slim_benchmark_adaptive_mdot_ladder_secant_10pct_probe/up_mdot_0p0011.npz
96f43b72456ea109264d9f020b7548c0e6a51dc3c8b79183a821a961cfdda0ca,3829,2,3829,outputs/checkpoints/slim_benchmark_mdot_injection_rout10000_2pct_ladder/up_mdot_0p00102.npz | outputs/checkpoints/slim_benchmark_mdot_injection_rout10000_twopercent/up_mdot_0p00102.npz
9f6d6deb0d0a53ce426b0b503241d4f2dfd28e628bfc098f062a956299a1f70c,3829,2,3829,outputs/checkpoints/slim_benchmark_adaptive_mdot_ladder_newton_refresh_1e4_1e2/up_mdot_0p00132965.npz | outputs/checkpoints/slim_benchmark_adaptive_mdot_ladder_newton_refresh_3e4_3e3/up_mdot_0p00132965.npz
a26de11fbe9cf255d5bcf3c6499bdd89db72c117d3477d738fce10f26a7f69b1,3829,2,3829,outputs/checkpoints/slim_benchmark_adaptive_mdot_ladder/up_mdot_0p00102276.npz | outputs/checkpoints/slim_benchmark_adaptive_mdot_ladder_integrated_pre_up_probe/up_mdot_0p00102276.npz
a2b10f41ccf181d3e4e5b741efb2110c59dba2ddf033cbeae2920c8893f38d7a,3829,2,3829,outputs/checkpoints/slim_benchmark_adaptive_mdot_ladder_newton_refresh_1e4_1e2/up_mdot_0p00106858.npz | outputs/checkpoints/slim_benchmark_adaptive_mdot_ladder_newton_refresh_3e4_3e3/up_mdot_0p00106858.npz
c177cb5b0d48c347292f91d6c524b283b2d1acb7ebf74a2533c38b852fed0edf,3829,2,3829,outputs/checkpoints/slim_benchmark_adaptive_mdot_ladder_newton_refresh_1e4_1e2/up_mdot_0p00214882.npz | outputs/checkpoints/slim_benchmark_adaptive_mdot_ladder_newton_refresh_3e4_3e3/up_mdot_0p00214882.npz
c8a8b96ea35318a2477cd95271c61bb9a03e4e977d6eda74778f4d50ba5f92ee,3829,2,3829,outputs/checkpoints/slim_benchmark_adaptive_mdot_ladder_newton_refresh_1e4_1e2/up_mdot_0p00198361.npz | outputs/checkpoints/slim_benchmark_adaptive_mdot_ladder_newton_refresh_3e4_3e3/up_mdot_0p00198361.npz
c94c5ec02695dec6fd1b4bad42dc3cbd13725ef3f197e6fd1629877736b8d0dd,3829,2,3829,outputs/checkpoints/slim_benchmark_adaptive_mdot_ladder_newton_refresh_1e4_1e2/up_mdot_0p00122743.npz | outputs/checkpoints/slim_benchmark_adaptive_mdot_ladder_newton_refresh_3e4_3e3/up_mdot_0p00122743.npz
c9a9fd8181d9eb1a4e18edef7af954dd13facdc8ec0b5d1dd7dc49973fa6fbb3,3829,2,3829,outputs/checkpoints/slim_benchmark_adaptive_mdot_ladder_newton_refresh_1e4_1e2/up_mdot_0p00232779.npz | outputs/checkpoints/slim_benchmark_adaptive_mdot_ladder_newton_refresh_3e4_3e3/up_mdot_0p00232779.npz
ca51018e1afea2940cfb5635a6dffe4a8d839a6574b28a96241c0198c70b459c,3829,2,3829,outputs/checkpoints/slim_benchmark_adaptive_mdot_ladder_newton_refresh_1e4_1e2/up_mdot_0p00115533.npz | outputs/checkpoints/slim_benchmark_adaptive_mdot_ladder_newton_refresh_3e4_3e3/up_mdot_0p00115533.npz
cec6858879dd2c9362ac819ceabe08ec4318eabfbe968272d7330eafc2a0e027,3829,2,3829,outputs/checkpoints/slim_benchmark_adaptive_mdot_ladder_newton_refresh_1e4_1e2/up_mdot_0p00156036.npz | outputs/checkpoints/slim_benchmark_adaptive_mdot_ladder_newton_refresh_3e4_3e3/up_mdot_0p00156036.npz
ff066d2383c0bdd859c11358ac43b90a6c1048318572d56888cc62ab31d1d6fd,3061,2,3061,outputs/checkpoints/slim_benchmark_mdot_injection_rout1000_micro_ladder/up_mdot_0p0011.npz | outputs/checkpoints/slim_benchmark_mdot_injection_rout1000_pivot_scan/up_mdot_0p0011.npz
8845168e2d1089de12bfe85d7040f5cf69cc7a519eeea12c00b84bc04aeef6f5,1504,2,1504,outputs/tables/transonic_tail_extent_smoke.md | outputs/tables/transonic_tail_extent_smoke_ode_remap.md
01ba4719c80b6fe911b091a7c05124b64eeece964e09c058ef8f9805daca546b,1,4,3,notebooks/.gitkeep | outputs/figures/.gitkeep | outputs/runs/.gitkeep | outputs/tables/.gitkeep
